,index,id,name,price,displayPrice,monthlyPriceFactor,weeklyPriceFactor,avgRating,reviewsCount,isNewListing,isSuperhost,lat,lng,personCapacity,size,beds,baths,title,property_type,town,top_lat,right_long,bottom_lat,left_long,url,baths_type,Region,baths_no,beds_no,guest_no
0,0,nan,,,,,,,,,,,,,,,,,,,33.5208721625,-78.90413128750001,33.4213399,-79.09717229375,https://www.airbnb.com/s/homes?refinement_paths%5B%5D=%2Fhomes%2Fsection%2FNEARBY_LISTINGS%3A2400&room_types%5B%5D=Entire%20home%2Fapt&room_types%5B%5D=Private%20room&room_types%5B%5D=Shared%20room&ne_lat=33.5208721625&ne_lng=-78.90413128750001&sw_lat=33.4213399&sw_lng=-79.09717229375&zoom=12&search_by_map=true&search_type=user_map_move&tab_id=home_tab&date_picker_type=calendar&items_offset=0&section_offset=1,Private,Carolinas,,,
0,0,nan,,,,,,,,,,,,,,,,,,,33.5208721625,-78.90413128750001,33.4213399,-79.09717229375,https://www.airbnb.com/s/homes?refinement_paths%5B%5D=%2Fhomes%2Fsection%2FNEARBY_LISTINGS%3A2400&room_types%5B%5D=Entire%20home%2Fapt&room_types%5B%5D=Private%20room&room_types%5B%5D=Shared%20room&ne_lat=33.5208721625&ne_lng=-78.90413128750001&sw_lat=33.4213399&sw_lng=-79.09717229375&zoom=12&search_by_map=true&search_type=user_map_move&tab_id=home_tab&date_picker_type=calendar&items_offset=100&section_offset=1,Private,Carolinas,,,
0,0,nan,,,,,,,,,,,,,,,,,,,33.5208721625,-78.90413128750001,33.4213399,-79.09717229375,https://www.airbnb.com/s/homes?refinement_paths%5B%5D=%2Fhomes%2Fsection%2FNEARBY_LISTINGS%3A2400&room_types%5B%5D=Entire%20home%2Fapt&room_types%5B%5D=Private%20room&room_types%5B%5D=Shared%20room&ne_lat=33.5208721625&ne_lng=-78.90413128750001&sw_lat=33.4213399&sw_lng=-79.09717229375&zoom=12&search_by_map=true&search_type=user_map_move&tab_id=home_tab&date_picker_type=calendar&items_offset=120&section_offset=1,Private,Carolinas,,,
0,0,nan,,,,,,,,,,,,,,,,,,,33.5208721625,-78.90413128750001,33.4213399,-79.09717229375,https://www.airbnb.com/s/homes?refinement_paths%5B%5D=%2Fhomes%2Fsection%2FNEARBY_LISTINGS%3A2400&room_types%5B%5D=Entire%20home%2Fapt&room_types%5B%5D=Private%20room&room_types%5B%5D=Shared%20room&ne_lat=33.5208721625&ne_lng=-78.90413128750001&sw_lat=33.4213399&sw_lng=-79.09717229375&zoom=12&search_by_map=true&search_type=user_map_move&tab_id=home_tab&date_picker_type=calendar&items_offset=20&section_offset=1,Private,Carolinas,,,
0,0,nan,,,,,,,,,,,,,,,,,,,33.5208721625,-78.90413128750001,33.4213399,-79.09717229375,https://www.airbnb.com/s/homes?refinement_paths%5B%5D=%2Fhomes%2Fsection%2FNEARBY_LISTINGS%3A2400&room_types%5B%5D=Entire%20home%2Fapt&room_types%5B%5D=Private%20room&room_types%5B%5D=Shared%20room&ne_lat=33.5208721625&ne_lng=-78.90413128750001&sw_lat=33.4213399&sw_lng=-79.09717229375&zoom=12&search_by_map=true&search_type=user_map_move&tab_id=home_tab&date_picker_type=calendar&items_offset=40&section_offset=1,Private,Carolinas,,,
0,0,nan,,,,,,,,,,,,,,,,,,,33.5208721625,-78.90413128750001,33.4213399,-79.09717229375,https://www.airbnb.com/s/homes?refinement_paths%5B%5D=%2Fhomes%2Fsection%2FNEARBY_LISTINGS%3A2400&room_types%5B%5D=Entire%20home%2Fapt&room_types%5B%5D=Private%20room&room_types%5B%5D=Shared%20room&ne_lat=33.5208721625&ne_lng=-78.90413128750001&sw_lat=33.4213399&sw_lng=-79.09717229375&zoom=12&search_by_map=true&search_type=user_map_move&tab_id=home_tab&date_picker_type=calendar&items_offset=60&section_offset=1,Private,Carolinas,,,
0,0,nan,,,,,,,,,,,,,,,,,,,33.5208721625,-78.90413128750001,33.4213399,-79.09717229375,https://www.airbnb.com/s/homes?refinement_paths%5B%5D=%2Fhomes%2Fsection%2FNEARBY_LISTINGS%3A2400&room_types%5B%5D=Entire%20home%2Fapt&room_types%5B%5D=Private%20room&room_types%5B%5D=Shared%20room&ne_lat=33.5208721625&ne_lng=-78.90413128750001&sw_lat=33.4213399&sw_lng=-79.09717229375&zoom=12&search_by_map=true&search_type=user_map_move&tab_id=home_tab&date_picker_type=calendar&items_offset=80&section_offset=1,Private,Carolinas,,,
0,0,nan,,,,,,,,,,,,,,,,,,,33.5208721625,-79.09717229375,33.4213399,-79.2902133,https://www.airbnb.com/s/homes?refinement_paths%5B%5D=%2Fhomes%2Fsection%2FNEARBY_LISTINGS%3A2400&room_types%5B%5D=Entire%20home%2Fapt&room_types%5B%5D=Private%20room&room_types%5B%5D=Shared%20room&ne_lat=33.5208721625&ne_lng=-79.09717229375&sw_lat=33.4213399&sw_lng=-79.2902133&zoom=12&search_by_map=true&search_type=user_map_move&tab_id=home_tab&date_picker_type=calendar&items_offset=0&section_offset=1,Private,Carolinas,,,
0,0,nan,,,,,,,,,,,,,,,,,,,33.5208721625,-79.09717229375,33.4213399,-79.2902133,https://www.airbnb.com/s/homes?refinement_paths%5B%5D=%2Fhomes%2Fsection%2FNEARBY_LISTINGS%3A2400&room_types%5B%5D=Entire%20home%2Fapt&room_types%5B%5D=Private%20room&room_types%5B%5D=Shared%20room&ne_lat=33.5208721625&ne_lng=-79.09717229375&sw_lat=33.4213399&sw_lng=-79.2902133&zoom=12&search_by_map=true&search_type=user_map_move&tab_id=home_tab&date_picker_type=calendar&items_offset=140&section_offset=1,Private,Carolinas,,,
0,0,nan,,,,,,,,,,,,,,,,,,,33.5208721625,-79.09717229375,33.4213399,-79.2902133,https://www.airbnb.com/s/homes?refinement_paths%5B%5D=%2Fhomes%2Fsection%2FNEARBY_LISTINGS%3A2400&room_types%5B%5D=Entire%20home%2Fapt&room_types%5B%5D=Private%20room&room_types%5B%5D=Shared%20room&ne_lat=33.5208721625&ne_lng=-79.09717229375&sw_lat=33.4213399&sw_lng=-79.2902133&zoom=12&search_by_map=true&search_type=user_map_move&tab_id=home_tab&date_picker_type=calendar&items_offset=160&section_offset=1,Private,Carolinas,,,
0,0,nan,,,,,,,,,,,,,,,,,,,33.5208721625,-79.09717229375,33.4213399,-79.2902133,https://www.airbnb.com/s/homes?refinement_paths%5B%5D=%2Fhomes%2Fsection%2FNEARBY_LISTINGS%3A2400&room_types%5B%5D=Entire%20home%2Fapt&room_types%5B%5D=Private%20room&room_types%5B%5D=Shared%20room&ne_lat=33.5208721625&ne_lng=-79.09717229375&sw_lat=33.4213399&sw_lng=-79.2902133&zoom=12&search_by_map=true&search_type=user_map_move&tab_id=home_tab&date_picker_type=calendar&items_offset=180&section_offset=1,Private,Carolinas,,,
0,0,nan,,,,,,,,,,,,,,,,,,,33.5208721625,-79.09717229375,33.4213399,-79.2902133,https://www.airbnb.com/s/homes?refinement_paths%5B%5D=%2Fhomes%2Fsection%2FNEARBY_LISTINGS%3A2400&room_types%5B%5D=Entire%20home%2Fapt&room_types%5B%5D=Private%20room&room_types%5B%5D=Shared%20room&ne_lat=33.5208721625&ne_lng=-79.09717229375&sw_lat=33.4213399&sw_lng=-79.2902133&zoom=12&search_by_map=true&search_type=user_map_move&tab_id=home_tab&date_picker_type=calendar&items_offset=20&section_offset=1,Private,Carolinas,,,
0,0,nan,,,,,,,,,,,,,,,,,,,33.5208721625,-79.09717229375,33.4213399,-79.2902133,https://www.airbnb.com/s/homes?refinement_paths%5B%5D=%2Fhomes%2Fsection%2FNEARBY_LISTINGS%3A2400&room_types%5B%5D=Entire%20home%2Fapt&room_types%5B%5D=Private%20room&room_types%5B%5D=Shared%20room&ne_lat=33.5208721625&ne_lng=-79.09717229375&sw_lat=33.4213399&sw_lng=-79.2902133&zoom=12&search_by_map=true&search_type=user_map_move&tab_id=home_tab&date_picker_type=calendar&items_offset=200&section_offset=1,Private,Carolinas,,,
0,0,nan,,,,,,,,,,,,,,,,,,,33.5208721625,-79.09717229375,33.4213399,-79.2902133,https://www.airbnb.com/s/homes?refinement_paths%5B%5D=%2Fhomes%2Fsection%2FNEARBY_LISTINGS%3A2400&room_types%5B%5D=Entire%20home%2Fapt&room_types%5B%5D=Private%20room&room_types%5B%5D=Shared%20room&ne_lat=33.5208721625&ne_lng=-79.09717229375&sw_lat=33.4213399&sw_lng=-79.2902133&zoom=12&search_by_map=true&search_type=user_map_move&tab_id=home_tab&date_picker_type=calendar&items_offset=40&section_offset=1,Private,Carolinas,,,
0,0,nan,,,,,,,,,,,,,,,,,,,33.5208721625,-79.09717229375,33.4213399,-79.2902133,https://www.airbnb.com/s/homes?refinement_paths%5B%5D=%2Fhomes%2Fsection%2FNEARBY_LISTINGS%3A2400&room_types%5B%5D=Entire%20home%2Fapt&room_types%5B%5D=Private%20room&room_types%5B%5D=Shared%20room&ne_lat=33.5208721625&ne_lng=-79.09717229375&sw_lat=33.4213399&sw_lng=-79.2902133&zoom=12&search_by_map=true&search_type=user_map_move&tab_id=home_tab&date_picker_type=calendar&items_offset=60&section_offset=1,Private,Carolinas,,,
0,0,nan,,,,,,,,,,,,,,,,,,,33.5208721625,-79.09717229375,33.4213399,-79.2902133,https://www.airbnb.com/s/homes?refinement_paths%5B%5D=%2Fhomes%2Fsection%2FNEARBY_LISTINGS%3A2400&room_types%5B%5D=Entire%20home%2Fapt&room_types%5B%5D=Private%20room&room_types%5B%5D=Shared%20room&ne_lat=33.5208721625&ne_lng=-79.09717229375&sw_lat=33.4213399&sw_lng=-79.2902133&zoom=12&search_by_map=true&search_type=user_map_move&tab_id=home_tab&date_picker_type=calendar&items_offset=80&section_offset=1,Private,Carolinas,,,
0,0,nan,,,,,,,,,,,,,,,,,,,33.57063829375,-79.000651790625,33.5208721625,-79.09717229375,https://www.airbnb.com/s/homes?refinement_paths%5B%5D=%2Fhomes%2Fsection%2FNEARBY_LISTINGS%3A2400&room_types%5B%5D=Entire%20home%2Fapt&room_types%5B%5D=Private%20room&room_types%5B%5D=Shared%20room&ne_lat=33.57063829375&ne_lng=-79.000651790625&sw_lat=33.5208721625&sw_lng=-79.09717229375&zoom=12&search_by_map=true&search_type=user_map_move&tab_id=home_tab&date_picker_type=calendar&items_offset=0&section_offset=1,Private,Carolinas,,,
0,0,nan,,,,,,,,,,,,,,,,,,,33.57063829375,-79.000651790625,33.5208721625,-79.09717229375,https://www.airbnb.com/s/homes?refinement_paths%5B%5D=%2Fhomes%2Fsection%2FNEARBY_LISTINGS%3A2400&room_types%5B%5D=Entire%20home%2Fapt&room_types%5B%5D=Private%20room&room_types%5B%5D=Shared%20room&ne_lat=33.57063829375&ne_lng=-79.000651790625&sw_lat=33.5208721625&sw_lng=-79.09717229375&zoom=12&search_by_map=true&search_type=user_map_move&tab_id=home_tab&date_picker_type=calendar&items_offset=100&section_offset=1,Private,Carolinas,,,
0,0,nan,,,,,,,,,,,,,,,,,,,33.57063829375,-79.000651790625,33.5208721625,-79.09717229375,https://www.airbnb.com/s/homes?refinement_paths%5B%5D=%2Fhomes%2Fsection%2FNEARBY_LISTINGS%3A2400&room_types%5B%5D=Entire%20home%2Fapt&room_types%5B%5D=Private%20room&room_types%5B%5D=Shared%20room&ne_lat=33.57063829375&ne_lng=-79.000651790625&sw_lat=33.5208721625&sw_lng=-79.09717229375&zoom=12&search_by_map=true&search_type=user_map_move&tab_id=home_tab&date_picker_type=calendar&items_offset=120&section_offset=1,Private,Carolinas,,,
0,0,nan,,,,,,,,,,,,,,,,,,,33.57063829375,-79.000651790625,33.5208721625,-79.09717229375,https://www.airbnb.com/s/homes?refinement_paths%5B%5D=%2Fhomes%2Fsection%2FNEARBY_LISTINGS%3A2400&room_types%5B%5D=Entire%20home%2Fapt&room_types%5B%5D=Private%20room&room_types%5B%5D=Shared%20room&ne_lat=33.57063829375&ne_lng=-79.000651790625&sw_lat=33.5208721625&sw_lng=-79.09717229375&zoom=12&search_by_map=true&search_type=user_map_move&tab_id=home_tab&date_picker_type=calendar&items_offset=140&section_offset=1,Private,Carolinas,,,
0,0,nan,,,,,,,,,,,,,,,,,,,33.57063829375,-79.000651790625,33.5208721625,-79.09717229375,https://www.airbnb.com/s/homes?refinement_paths%5B%5D=%2Fhomes%2Fsection%2FNEARBY_LISTINGS%3A2400&room_types%5B%5D=Entire%20home%2Fapt&room_types%5B%5D=Private%20room&room_types%5B%5D=Shared%20room&ne_lat=33.57063829375&ne_lng=-79.000651790625&sw_lat=33.5208721625&sw_lng=-79.09717229375&zoom=12&search_by_map=true&search_type=user_map_move&tab_id=home_tab&date_picker_type=calendar&items_offset=20&section_offset=1,Private,Carolinas,,,
0,0,nan,,,,,,,,,,,,,,,,,,,33.57063829375,-79.000651790625,33.5208721625,-79.09717229375,https://www.airbnb.com/s/homes?refinement_paths%5B%5D=%2Fhomes%2Fsection%2FNEARBY_LISTINGS%3A2400&room_types%5B%5D=Entire%20home%2Fapt&room_types%5B%5D=Private%20room&room_types%5B%5D=Shared%20room&ne_lat=33.57063829375&ne_lng=-79.000651790625&sw_lat=33.5208721625&sw_lng=-79.09717229375&zoom=12&search_by_map=true&search_type=user_map_move&tab_id=home_tab&date_picker_type=calendar&items_offset=40&section_offset=1,Private,Carolinas,,,
0,0,nan,,,,,,,,,,,,,,,,,,,33.57063829375,-79.000651790625,33.5208721625,-79.09717229375,https://www.airbnb.com/s/homes?refinement_paths%5B%5D=%2Fhomes%2Fsection%2FNEARBY_LISTINGS%3A2400&room_types%5B%5D=Entire%20home%2Fapt&room_types%5B%5D=Private%20room&room_types%5B%5D=Shared%20room&ne_lat=33.57063829375&ne_lng=-79.000651790625&sw_lat=33.5208721625&sw_lng=-79.09717229375&zoom=12&search_by_map=true&search_type=user_map_move&tab_id=home_tab&date_picker_type=calendar&items_offset=60&section_offset=1,Private,Carolinas,,,
0,0,nan,,,,,,,,,,,,,,,,,,,33.57063829375,-79.000651790625,33.5208721625,-79.09717229375,https://www.airbnb.com/s/homes?refinement_paths%5B%5D=%2Fhomes%2Fsection%2FNEARBY_LISTINGS%3A2400&room_types%5B%5D=Entire%20home%2Fapt&room_types%5B%5D=Private%20room&room_types%5B%5D=Shared%20room&ne_lat=33.57063829375&ne_lng=-79.000651790625&sw_lat=33.5208721625&sw_lng=-79.09717229375&zoom=12&search_by_map=true&search_type=user_map_move&tab_id=home_tab&date_picker_type=calendar&items_offset=80&section_offset=1,Private,Carolinas,,,
0,0,nan,,,,,,,,,,,,,,,,,,,33.583079826562496,-78.97652166484374,33.57063829375,-79.000651790625,https://www.airbnb.com/s/homes?refinement_paths%5B%5D=%2Fhomes%2Fsection%2FNEARBY_LISTINGS%3A2400&room_types%5B%5D=Entire%20home%2Fapt&room_types%5B%5D=Private%20room&room_types%5B%5D=Shared%20room&ne_lat=33.583079826562496&ne_lng=-78.97652166484374&sw_lat=33.57063829375&sw_lng=-79.000651790625&zoom=12&search_by_map=true&search_type=user_map_move&tab_id=home_tab&date_picker_type=calendar&items_offset=0&section_offset=1,Private,Carolinas,,,
0,0,nan,,,,,,,,,,,,,,,,,,,33.583079826562496,-78.97652166484374,33.57063829375,-79.000651790625,https://www.airbnb.com/s/homes?refinement_paths%5B%5D=%2Fhomes%2Fsection%2FNEARBY_LISTINGS%3A2400&room_types%5B%5D=Entire%20home%2Fapt&room_types%5B%5D=Private%20room&room_types%5B%5D=Shared%20room&ne_lat=33.583079826562496&ne_lng=-78.97652166484374&sw_lat=33.57063829375&sw_lng=-79.000651790625&zoom=12&search_by_map=true&search_type=user_map_move&tab_id=home_tab&date_picker_type=calendar&items_offset=20&section_offset=1,Private,Carolinas,,,
0,0,nan,,,,,,,,,,,,,,,,,,,33.583079826562496,-78.97652166484374,33.57063829375,-79.000651790625,https://www.airbnb.com/s/homes?refinement_paths%5B%5D=%2Fhomes%2Fsection%2FNEARBY_LISTINGS%3A2400&room_types%5B%5D=Entire%20home%2Fapt&room_types%5B%5D=Private%20room&room_types%5B%5D=Shared%20room&ne_lat=33.583079826562496&ne_lng=-78.97652166484374&sw_lat=33.57063829375&sw_lng=-79.000651790625&zoom=12&search_by_map=true&search_type=user_map_move&tab_id=home_tab&date_picker_type=calendar&items_offset=40&section_offset=1,Private,Carolinas,,,
0,0,nan,,,,,,,,,,,,,,,,,,,33.583079826562496,-78.97652166484374,33.57063829375,-79.000651790625,https://www.airbnb.com/s/homes?refinement_paths%5B%5D=%2Fhomes%2Fsection%2FNEARBY_LISTINGS%3A2400&room_types%5B%5D=Entire%20home%2Fapt&room_types%5B%5D=Private%20room&room_types%5B%5D=Shared%20room&ne_lat=33.583079826562496&ne_lng=-78.97652166484374&sw_lat=33.57063829375&sw_lng=-79.000651790625&zoom=12&search_by_map=true&search_type=user_map_move&tab_id=home_tab&date_picker_type=calendar&items_offset=60&section_offset=1,Private,Carolinas,,,
0,0,nan,,,,,,,,,,,,,,,,,,,33.583079826562496,-78.97652166484374,33.57063829375,-79.000651790625,https://www.airbnb.com/s/homes?refinement_paths%5B%5D=%2Fhomes%2Fsection%2FNEARBY_LISTINGS%3A2400&room_types%5B%5D=Entire%20home%2Fapt&room_types%5B%5D=Private%20room&room_types%5B%5D=Shared%20room&ne_lat=33.583079826562496&ne_lng=-78.97652166484374&sw_lat=33.57063829375&sw_lng=-79.000651790625&zoom=12&search_by_map=true&search_type=user_map_move&tab_id=home_tab&date_picker_type=calendar&items_offset=80&section_offset=1,Private,Carolinas,,,
0,0,nan,,,,,,,,,,,,,,,,,,,33.595521359375,-78.97652166484374,33.583079826562496,-79.000651790625,https://www.airbnb.com/s/homes?refinement_paths%5B%5D=%2Fhomes%2Fsection%2FNEARBY_LISTINGS%3A2400&room_types%5B%5D=Entire%20home%2Fapt&room_types%5B%5D=Private%20room&room_types%5B%5D=Shared%20room&ne_lat=33.595521359375&ne_lng=-78.97652166484374&sw_lat=33.583079826562496&sw_lng=-79.000651790625&zoom=12&search_by_map=true&search_type=user_map_move&tab_id=home_tab&date_picker_type=calendar&items_offset=0&section_offset=1,Private,Carolinas,,,
0,0,nan,,,,,,,,,,,,,,,,,,,33.595521359375,-78.97652166484374,33.583079826562496,-79.000651790625,https://www.airbnb.com/s/homes?refinement_paths%5B%5D=%2Fhomes%2Fsection%2FNEARBY_LISTINGS%3A2400&room_types%5B%5D=Entire%20home%2Fapt&room_types%5B%5D=Private%20room&room_types%5B%5D=Shared%20room&ne_lat=33.595521359375&ne_lng=-78.97652166484374&sw_lat=33.583079826562496&sw_lng=-79.000651790625&zoom=12&search_by_map=true&search_type=user_map_move&tab_id=home_tab&date_picker_type=calendar&items_offset=120&section_offset=1,Private,Carolinas,,,
0,0,nan,,,,,,,,,,,,,,,,,,,33.595521359375,-78.97652166484374,33.583079826562496,-79.000651790625,https://www.airbnb.com/s/homes?refinement_paths%5B%5D=%2Fhomes%2Fsection%2FNEARBY_LISTINGS%3A2400&room_types%5B%5D=Entire%20home%2Fapt&room_types%5B%5D=Private%20room&room_types%5B%5D=Shared%20room&ne_lat=33.595521359375&ne_lng=-78.97652166484374&sw_lat=33.583079826562496&sw_lng=-79.000651790625&zoom=12&search_by_map=true&search_type=user_map_move&tab_id=home_tab&date_picker_type=calendar&items_offset=140&section_offset=1,Private,Carolinas,,,
0,0,nan,,,,,,,,,,,,,,,,,,,33.595521359375,-78.97652166484374,33.583079826562496,-79.000651790625,https://www.airbnb.com/s/homes?refinement_paths%5B%5D=%2Fhomes%2Fsection%2FNEARBY_LISTINGS%3A2400&room_types%5B%5D=Entire%20home%2Fapt&room_types%5B%5D=Private%20room&room_types%5B%5D=Shared%20room&ne_lat=33.595521359375&ne_lng=-78.97652166484374&sw_lat=33.583079826562496&sw_lng=-79.000651790625&zoom=12&search_by_map=true&search_type=user_map_move&tab_id=home_tab&date_picker_type=calendar&items_offset=160&section_offset=1,Private,Carolinas,,,
0,0,nan,,,,,,,,,,,,,,,,,,,33.595521359375,-78.97652166484374,33.583079826562496,-79.000651790625,https://www.airbnb.com/s/homes?refinement_paths%5B%5D=%2Fhomes%2Fsection%2FNEARBY_LISTINGS%3A2400&room_types%5B%5D=Entire%20home%2Fapt&room_types%5B%5D=Private%20room&room_types%5B%5D=Shared%20room&ne_lat=33.595521359375&ne_lng=-78.97652166484374&sw_lat=33.583079826562496&sw_lng=-79.000651790625&zoom=12&search_by_map=true&search_type=user_map_move&tab_id=home_tab&date_picker_type=calendar&items_offset=180&section_offset=1,Private,Carolinas,,,
0,0,nan,,,,,,,,,,,,,,,,,,,33.595521359375,-78.97652166484374,33.583079826562496,-79.000651790625,https://www.airbnb.com/s/homes?refinement_paths%5B%5D=%2Fhomes%2Fsection%2FNEARBY_LISTINGS%3A2400&room_types%5B%5D=Entire%20home%2Fapt&room_types%5B%5D=Private%20room&room_types%5B%5D=Shared%20room&ne_lat=33.595521359375&ne_lng=-78.97652166484374&sw_lat=33.583079826562496&sw_lng=-79.000651790625&zoom=12&search_by_map=true&search_type=user_map_move&tab_id=home_tab&date_picker_type=calendar&items_offset=20&section_offset=1,Private,Carolinas,,,
0,0,nan,,,,,,,,,,,,,,,,,,,33.595521359375,-78.97652166484374,33.583079826562496,-79.000651790625,https://www.airbnb.com/s/homes?refinement_paths%5B%5D=%2Fhomes%2Fsection%2FNEARBY_LISTINGS%3A2400&room_types%5B%5D=Entire%20home%2Fapt&room_types%5B%5D=Private%20room&room_types%5B%5D=Shared%20room&ne_lat=33.595521359375&ne_lng=-78.97652166484374&sw_lat=33.583079826562496&sw_lng=-79.000651790625&zoom=12&search_by_map=true&search_type=user_map_move&tab_id=home_tab&date_picker_type=calendar&items_offset=200&section_offset=1,Private,Carolinas,,,
0,0,nan,,,,,,,,,,,,,,,,,,,33.595521359375,-78.97652166484374,33.583079826562496,-79.000651790625,https://www.airbnb.com/s/homes?refinement_paths%5B%5D=%2Fhomes%2Fsection%2FNEARBY_LISTINGS%3A2400&room_types%5B%5D=Entire%20home%2Fapt&room_types%5B%5D=Private%20room&room_types%5B%5D=Shared%20room&ne_lat=33.595521359375&ne_lng=-78.97652166484374&sw_lat=33.583079826562496&sw_lng=-79.000651790625&zoom=12&search_by_map=true&search_type=user_map_move&tab_id=home_tab&date_picker_type=calendar&items_offset=220&section_offset=1,Private,Carolinas,,,
0,0,nan,,,,,,,,,,,,,,,,,,,33.595521359375,-78.97652166484374,33.583079826562496,-79.000651790625,https://www.airbnb.com/s/homes?refinement_paths%5B%5D=%2Fhomes%2Fsection%2FNEARBY_LISTINGS%3A2400&room_types%5B%5D=Entire%20home%2Fapt&room_types%5B%5D=Private%20room&room_types%5B%5D=Shared%20room&ne_lat=33.595521359375&ne_lng=-78.97652166484374&sw_lat=33.583079826562496&sw_lng=-79.000651790625&zoom=12&search_by_map=true&search_type=user_map_move&tab_id=home_tab&date_picker_type=calendar&items_offset=240&section_offset=1,Private,Carolinas,,,
0,0,nan,,,,,,,,,,,,,,,,,,,33.595521359375,-78.97652166484374,33.583079826562496,-79.000651790625,https://www.airbnb.com/s/homes?refinement_paths%5B%5D=%2Fhomes%2Fsection%2FNEARBY_LISTINGS%3A2400&room_types%5B%5D=Entire%20home%2Fapt&room_types%5B%5D=Private%20room&room_types%5B%5D=Shared%20room&ne_lat=33.595521359375&ne_lng=-78.97652166484374&sw_lat=33.583079826562496&sw_lng=-79.000651790625&zoom=12&search_by_map=true&search_type=user_map_move&tab_id=home_tab&date_picker_type=calendar&items_offset=260&section_offset=1,Private,Carolinas,,,
0,0,nan,,,,,,,,,,,,,,,,,,,33.595521359375,-78.97652166484374,33.583079826562496,-79.000651790625,https://www.airbnb.com/s/homes?refinement_paths%5B%5D=%2Fhomes%2Fsection%2FNEARBY_LISTINGS%3A2400&room_types%5B%5D=Entire%20home%2Fapt&room_types%5B%5D=Private%20room&room_types%5B%5D=Shared%20room&ne_lat=33.595521359375&ne_lng=-78.97652166484374&sw_lat=33.583079826562496&sw_lng=-79.000651790625&zoom=12&search_by_map=true&search_type=user_map_move&tab_id=home_tab&date_picker_type=calendar&items_offset=40&section_offset=1,Private,Carolinas,,,
0,0,nan,,,,,,,,,,,,,,,,,,,33.595521359375,-78.97652166484374,33.583079826562496,-79.000651790625,https://www.airbnb.com/s/homes?refinement_paths%5B%5D=%2Fhomes%2Fsection%2FNEARBY_LISTINGS%3A2400&room_types%5B%5D=Entire%20home%2Fapt&room_types%5B%5D=Private%20room&room_types%5B%5D=Shared%20room&ne_lat=33.595521359375&ne_lng=-78.97652166484374&sw_lat=33.583079826562496&sw_lng=-79.000651790625&zoom=12&search_by_map=true&search_type=user_map_move&tab_id=home_tab&date_picker_type=calendar&items_offset=60&section_offset=1,Private,Carolinas,,,
0,0,nan,,,,,,,,,,,,,,,,,,,33.595521359375,-78.97652166484374,33.583079826562496,-79.000651790625,https://www.airbnb.com/s/homes?refinement_paths%5B%5D=%2Fhomes%2Fsection%2FNEARBY_LISTINGS%3A2400&room_types%5B%5D=Entire%20home%2Fapt&room_types%5B%5D=Private%20room&room_types%5B%5D=Shared%20room&ne_lat=33.595521359375&ne_lng=-78.97652166484374&sw_lat=33.583079826562496&sw_lng=-79.000651790625&zoom=12&search_by_map=true&search_type=user_map_move&tab_id=home_tab&date_picker_type=calendar&items_offset=80&section_offset=1,Private,Carolinas,,,
0,0,nan,,,,,,,,,,,,,,,,,,,33.6079628921875,-78.9523915390625,33.595521359375,-78.97652166484374,https://www.airbnb.com/s/homes?refinement_paths%5B%5D=%2Fhomes%2Fsection%2FNEARBY_LISTINGS%3A2400&room_types%5B%5D=Entire%20home%2Fapt&room_types%5B%5D=Private%20room&room_types%5B%5D=Shared%20room&ne_lat=33.6079628921875&ne_lng=-78.9523915390625&sw_lat=33.595521359375&sw_lng=-78.97652166484374&zoom=12&search_by_map=true&search_type=user_map_move&tab_id=home_tab&date_picker_type=calendar&items_offset=0&section_offset=1,Private,Carolinas,,,
0,0,nan,,,,,,,,,,,,,,,,,,,33.6079628921875,-78.9523915390625,33.595521359375,-78.97652166484374,https://www.airbnb.com/s/homes?refinement_paths%5B%5D=%2Fhomes%2Fsection%2FNEARBY_LISTINGS%3A2400&room_types%5B%5D=Entire%20home%2Fapt&room_types%5B%5D=Private%20room&room_types%5B%5D=Shared%20room&ne_lat=33.6079628921875&ne_lng=-78.9523915390625&sw_lat=33.595521359375&sw_lng=-78.97652166484374&zoom=12&search_by_map=true&search_type=user_map_move&tab_id=home_tab&date_picker_type=calendar&items_offset=20&section_offset=1,Private,Carolinas,,,
0,0,nan,,,,,,,,,,,,,,,,,,,33.6079628921875,-78.9523915390625,33.595521359375,-78.97652166484374,https://www.airbnb.com/s/homes?refinement_paths%5B%5D=%2Fhomes%2Fsection%2FNEARBY_LISTINGS%3A2400&room_types%5B%5D=Entire%20home%2Fapt&room_types%5B%5D=Private%20room&room_types%5B%5D=Shared%20room&ne_lat=33.6079628921875&ne_lng=-78.9523915390625&sw_lat=33.595521359375&sw_lng=-78.97652166484374&zoom=12&search_by_map=true&search_type=user_map_move&tab_id=home_tab&date_picker_type=calendar&items_offset=40&section_offset=1,Private,Carolinas,,,
0,0,nan,,,,,,,,,,,,,,,,,,,33.6079628921875,-78.9523915390625,33.595521359375,-78.97652166484374,https://www.airbnb.com/s/homes?refinement_paths%5B%5D=%2Fhomes%2Fsection%2FNEARBY_LISTINGS%3A2400&room_types%5B%5D=Entire%20home%2Fapt&room_types%5B%5D=Private%20room&room_types%5B%5D=Shared%20room&ne_lat=33.6079628921875&ne_lng=-78.9523915390625&sw_lat=33.595521359375&sw_lng=-78.97652166484374&zoom=12&search_by_map=true&search_type=user_map_move&tab_id=home_tab&date_picker_type=calendar&items_offset=60&section_offset=1,Private,Carolinas,,,
0,0,nan,,,,,,,,,,,,,,,,,,,33.6079628921875,-78.9523915390625,33.595521359375,-78.97652166484374,https://www.airbnb.com/s/homes?refinement_paths%5B%5D=%2Fhomes%2Fsection%2FNEARBY_LISTINGS%3A2400&room_types%5B%5D=Entire%20home%2Fapt&room_types%5B%5D=Private%20room&room_types%5B%5D=Shared%20room&ne_lat=33.6079628921875&ne_lng=-78.9523915390625&sw_lat=33.595521359375&sw_lng=-78.97652166484374&zoom=12&search_by_map=true&search_type=user_map_move&tab_id=home_tab&date_picker_type=calendar&items_offset=80&section_offset=1,Private,Carolinas,,,
0,0,nan,,,,,,,,,,,,,,,,,,,33.6079628921875,-78.97652166484374,33.595521359375,-79.000651790625,https://www.airbnb.com/s/homes?refinement_paths%5B%5D=%2Fhomes%2Fsection%2FNEARBY_LISTINGS%3A2400&room_types%5B%5D=Entire%20home%2Fapt&room_types%5B%5D=Private%20room&room_types%5B%5D=Shared%20room&ne_lat=33.6079628921875&ne_lng=-78.97652166484374&sw_lat=33.595521359375&sw_lng=-79.000651790625&zoom=12&search_by_map=true&search_type=user_map_move&tab_id=home_tab&date_picker_type=calendar&items_offset=0&section_offset=1,Private,Carolinas,,,
0,0,nan,,,,,,,,,,,,,,,,,,,33.6079628921875,-78.97652166484374,33.595521359375,-79.000651790625,https://www.airbnb.com/s/homes?refinement_paths%5B%5D=%2Fhomes%2Fsection%2FNEARBY_LISTINGS%3A2400&room_types%5B%5D=Entire%20home%2Fapt&room_types%5B%5D=Private%20room&room_types%5B%5D=Shared%20room&ne_lat=33.6079628921875&ne_lng=-78.97652166484374&sw_lat=33.595521359375&sw_lng=-79.000651790625&zoom=12&search_by_map=true&search_type=user_map_move&tab_id=home_tab&date_picker_type=calendar&items_offset=100&section_offset=1,Private,Carolinas,,,
0,0,nan,,,,,,,,,,,,,,,,,,,33.6079628921875,-78.97652166484374,33.595521359375,-79.000651790625,https://www.airbnb.com/s/homes?refinement_paths%5B%5D=%2Fhomes%2Fsection%2FNEARBY_LISTINGS%3A2400&room_types%5B%5D=Entire%20home%2Fapt&room_types%5B%5D=Private%20room&room_types%5B%5D=Shared%20room&ne_lat=33.6079628921875&ne_lng=-78.97652166484374&sw_lat=33.595521359375&sw_lng=-79.000651790625&zoom=12&search_by_map=true&search_type=user_map_move&tab_id=home_tab&date_picker_type=calendar&items_offset=120&section_offset=1,Private,Carolinas,,,
